{
  "lang":"en",
  "name":"pipeline",
  "version":"0.0.0",
  "spacy_version":">=3.7.4,<3.8.0",
  "description":"",
  "author":"",
  "email":"",
  "url":"",
  "license":"",
  "spacy_git_version":"bff8725f4",
  "vectors":{
    "width":0,
    "vectors":0,
    "keys":0,
    "name":null,
    "mode":"default"
  },
  "labels":{
    "tok2vec":[

    ],
    "ner":[
      " DEVELOP",
      "DOMAIN",
      "EDUCATION",
      "EXPERIENCE",
      "LANGUAGE",
      "RESPONSIBILITY",
      "SKILLS",
      "SOFT-SKILLS"
    ]
  },
  "pipeline":[
    "tok2vec",
    "ner"
  ],
  "components":[
    "tok2vec",
    "ner"
  ],
  "disabled":[

  ],
  "performance":{
    "ents_f":0.7774317641,
    "ents_p":0.808073115,
    "ents_r":0.7490292976,
    "ents_per_type":{
      "EXPERIENCE":{
        "p":0.8762886598,
        "r":0.8252427184,
        "f":0.85
      },
      "SKILLS":{
        "p":0.8288633461,
        "r":0.7595084845,
        "f":0.7926717557
      },
      "EDUCATION":{
        "p":0.843220339,
        "r":0.7896825397,
        "f":0.8155737705
      },
      "SOFT-SKILLS":{
        "p":0.6888888889,
        "r":0.775,
        "f":0.7294117647
      },
      "LANGUAGE":{
        "p":0.9222222222,
        "r":0.994011976,
        "f":0.9567723343
      },
      "DOMAIN":{
        "p":0.5159817352,
        "r":0.4346153846,
        "f":0.4718162839
      },
      "RESPONSIBILITY":{
        "p":0.0,
        "r":0.0,
        "f":0.0
      },
      " DEVELOP":{
        "p":0.0,
        "r":0.0,
        "f":0.0
      }
    },
    "tok2vec_loss":509.0453084707,
    "ner_loss":2274.0963588031
  }
}