{
  "lang":"en",
  "name":"pipeline",
  "version":"0.0.0",
  "spacy_version":">=3.7.4,<3.8.0",
  "description":"",
  "author":"",
  "email":"",
  "url":"",
  "license":"",
  "spacy_git_version":"bff8725f4",
  "vectors":{
    "width":0,
    "vectors":0,
    "keys":0,
    "name":null,
    "mode":"default"
  },
  "labels":{
    "tok2vec":[

    ],
    "ner":[
      " DEVELOP",
      "DOMAIN",
      "EDUCATION",
      "EXPERIENCE",
      "LANGUAGE",
      "RESPONSIBILITY",
      "SKILLS",
      "SOFT-SKILLS"
    ]
  },
  "pipeline":[
    "tok2vec",
    "ner"
  ],
  "components":[
    "tok2vec",
    "ner"
  ],
  "disabled":[

  ],
  "performance":{
    "ents_f":0.7636782492,
    "ents_p":0.8371212121,
    "ents_r":0.702082598,
    "ents_per_type":{
      "EXPERIENCE":{
        "p":0.908045977,
        "r":0.7669902913,
        "f":0.8315789474
      },
      "SKILLS":{
        "p":0.8684790595,
        "r":0.6916325336,
        "f":0.7700325733
      },
      "EDUCATION":{
        "p":0.8655660377,
        "r":0.7281746032,
        "f":0.7909482759
      },
      "SOFT-SKILLS":{
        "p":0.8428571429,
        "r":0.7375,
        "f":0.7866666667
      },
      "LANGUAGE":{
        "p":0.9329608939,
        "r":1.0,
        "f":0.9653179191
      },
      "DOMAIN":{
        "p":0.5335968379,
        "r":0.5192307692,
        "f":0.5263157895
      },
      "RESPONSIBILITY":{
        "p":0.0,
        "r":0.0,
        "f":0.0
      },
      " DEVELOP":{
        "p":0.0,
        "r":0.0,
        "f":0.0
      }
    },
    "tok2vec_loss":762.9160820395,
    "ner_loss":1841.0571467839
  }
}